latitude,longitude,target_no,target_name,type,subtype,dimensions_ft,top_of_target_depth_ft,water_depth_ft,material,Type (New),Class (New),Subclass (New),target_description,css_surveyed,css_survey_date,css_dimensions,css_water_depth_ft,css_historically_explored,css_description,css_url,dcs_target_no,dcs_scuba_footage,dcs_scuba_date,dcs_dimensions,dcs_notes,dcs_history_url,dcs_video_url,luvm_url,sc_newly_uncovered_target,sc_newly_uncovered_wreck,sc_rov_dive_date,sc_top_of_target_ft,sc_water_depth_ft,sc_video_url,sc_current_footage_status,sc_initial_footage_status,sc_howto_access
47.6525493,-122.324843,LU001,Wooden Barge,Barge,Wooden Barge with special purpose,20' x 12',#N/A,35,Wood,Vessel,Barge Wreck,"Wooden, Wood","Type: Vessel | Class: Barge | Subclass: Wood
Shipwreck City Data
This target has been classified as a wood barge wreck. It appears to have purpose built design that is currently unknown, resting in 35 feet of water and measuring roughly 20 feet by 12 feet. The structure is covered by aquatic weeds and algae, with much of the hull outline obscured by growth. Visible features include upright posts and a curved fitting near the bow area, along with a large breach or opening in the deck near the stern. 
Prior Research and Theories
Previously, Coastal Sensing & Survey had classified this target as LU001 based off their side scan imagery.",Yes,NA,20' x 12',35,No,Unknown Object,https://www.coastalsensing.com/survey-target-logs-lake-union/tag/LU01,NA,NA,NA,NA,NA,NA,,NA,no,no,4May2026,,,NA,First Footage,No Footage,Boat
47.6506131,-122.3284209,LU002,Wood Structure,Infrastructure,Wooden structure,16' x 8',25,35,Wood,Infrastructure ,Man Made,Wooden,"Type: Infrastructure | Class: Man-made | Subclass: Wood
Shipwreck City Data
This target has been classified as a wooden man made structure. Resting in 35 feet of water and measuring roughly 16 feet by 8 feet. Target is heavily degraded and coverd in unknown debris and aquatic plants. Visabel man made cut log and possible rib pieces indicate a possible small barge however there are not defining vessel components. 
Prior Research and Theories
Previously, Coastal Sensing & Survey had classified this target as LU002 and looked like a small section of dock or a work barge based off their side scan imagery.",Yes,NA,16' x 8',35,No,Unknown Object,https://www.coastalsensing.com/survey-target-logs-lake-union/tag/LU02,NA,NA,NA,NA,NA,NA,,NA,no,no,4May2026,25,28,NA,First Footage,No Footage,Boat
47.6493959,-122.3285119,LU003,"""The Old Barge""",Barge,Wooden Barge,100' x 30',30,35,Wood,Vessel,Barge Wreck,"Wooden, Wood","Type: Vessel | Class: Barge Wreck | Subclass: Wood
Shipwreck City Data
This target has been classified as a wood barge wreck. It is resting in 35 feet of water and measuring roughly 100 feet by 30 feet. The hull is heavily encrusted with barnacle-like growth along its exposed edges, with some sections of timber showing dark, deteriorated wood beneath the crust. A curved metal or wood fitting, possibly a rudder or hardware piece, is visible near the structure. A beer can rests nearby on the lakebed, along with scattered aquatic weeds.
Prior Research and Theories
Previously, Coastal Sensing & Survey had classified this target as LU03. Described as a Barge with additional comments about the wreck being coverd in weed balls caused from dying milfoil. Previously,DCS Films' classified this target as Barge #7 with listed dimensions of 90' length, 30' width, and height 4' and 3'.Previously, Lake Union Virtual Museum had classified this target as a large, 70 foot rugged wood barge lying on the lake bottom near Gasworks Park, not far from the wreck of Foss barge #54. ",Yes,NA,100' x 30',35,No,Old Barge,https://www.coastalsensing.com/survey-target-logs-lake-union/tag/LU03,7,yes,NA,70 x 23 x 4,"""Old Barge, Length 70, Width 23, Height 4""",http://www.dcsfilms.com/Site_4/Lake_Union_barges.html,https://vimeo.com/23801859?fl=pl&fe=sh,NA,no,no,4May2026,30,33,NA,Updated Footage,Historical Footage,Boat
47.6479338,-122.3300238,LU004,Metal Frame,Infrastructure,Metal frame,6'x6',34,35,Metal,Infrastructure ,Man Made,Metal,"Type: Infrastructure | Class: Man Made | Subclass: Metal
Shipwreck City Data
This target has been classified as a man made metal piece of infrastructure. Resting in 35 feet of water and measuring roughly 6 feet by 6 feet. Debris and metal objects scattered across the lakebed. Coated in dense algae and short growth. Possible structure or holding due to the 90 degree shape in the frame. Metal object extending out from the corner an additional 8-10 inches.
Prior Research and Theories
Previously, Coastal Sensing & Survey had classified this target as LU04. Described as an area with several debris objects.",Yes,NA,6'x6',35,No,Several Debris Objects,https://www.coastalsensing.com/survey-target-logs-lake-union/tag/LU04,NA,NA,NA,NA,NA,NA,,NA,no,no,4May2026,34,35,NA,First Footage,No Footage,boat
47.6461409,-122.3306924,LU005,Wooden Boat,Shipwreck,Shipwreck (longboat style hull),32' x 11',37,40,Wood,Vessel,Shipwreck,"Wooden, Wood","Type: Vessel | Class: Shipwreck | Subclass: Wood
Shipwreck City Data
This target has been classified as a wood shipwreck. Resting in 40 feet of water and measuring roughly 32 feet by 11 feet. The wreck is heavily covered aquatic weeds along much of its length, with the hull's structural planking visible where growth has thinned. Visable bow stem with unidentified debris inside including a medium sixed box. Ribs are visible in some areas as outer plankng and inner sheathing have fallen.
Prior Research and Theories
Previously, Coastal Sensing & Survey had classified this target as LU05. Described as an unknow object or wreck it is covered in aquatic debris.",Yes,NA,32' x 11',40,No,Shipwreck - Weed Covered,https://www.coastalsensing.com/survey-target-logs-lake-union/tag/LU05,NA,NA,NA,NA,NA,NA,,NA,no,no,4May2026,37,41,NA,First Footage,No Footage,Boat
47.6437101,-122.3318662,LU006,LCVP PA 201-8/9,Shipwreck,Landing Craft,25' x 8',#N/A,40,Wood,Vessel,Shipwreck,"Wooden, Wood","Type: Vessel | Class: Shipwreck | Subclass: Wood
Shipwreck City Data
This target has been classified as a wood shipwreck, likely a landing craft or commonly known as a Higgins Boat. Resting in 40 feet of water and measuring roughly 25 feet by 8 feet. The flat-bottomed hull is heavily weed-covered. Partial hull markings are visible on the stern in some frames.Visable circular hole in the wreck indicates a possbile gunner's cockpit along with other visable debris and structural wood support. Seattle did not have a major shipyard producing large landing craft, it was part of the broader U.S. shipbuilding network that supplied components for thousands of landing craft. 
Prior Research and Theories
Previously, Coastal Sensing & Survey had classified this target as LU06. Descriped as a weed-covered landing craft. Previosuly, DCS Films classified this target as an LCVP (Landing Craft, Vehicle, Personal), or Higgins Boat, bearing the partial hull number ""PA 201,"" possibly originating from the USS Menard, though the full designation remains obscured under roughly two feet of mud at the stern. Previously, Lake Union Virtual Museumas classified this target as a Higgins Boat. ",Yes,NA,25' x 8',40,Yes,Landing Craft (Weed Covered),https://www.coastalsensing.com/survey-target-logs-lake-union/tag/LU06,18,yes`,NA,NA,NA,http://www.dcsfilms.com/Site_4/Higgins_Boat.html,https://vimeo.com/23622216?fl=pl&fe=sh,http://www.lakeunionhistory.org/Higgins_Boat.html,no,no,6May2026,,,NA,Updated Footage,Historical Footage,Boat
47.6448462,-122.337118,LU007,Foss 54 (YC 191),Barge,Barge,91' x 26',#N/A,15,Unknown,Vessel,Shipwreck,"Wooden, Wood","Type: Vessel | Class: Shipwreck | Subclass: Wooden
Shipwreck City Data
This target has been classified as a wood shipwreck. Identified as the Foss Barge 54. Resting in 15 feet of water and measuring roughly 91 feet by 26 feet. Visable large deck beams and structural members still largely intact along with upright structures extending upwards to the surface. There are holes into the interrior of the wreck that were not explored by some viewable debris can be seen such as car tire. The Foss 54 was originally built in 1908 for the U.S. Navy in Bremerton, Washington. Multiple sources indicate the barges use, from coal transport, lumber transport, to other materials from the region the barge Puget Sound served for almost 60 years. In 1969 it was removed from documentaiton and presumably sinks shortly after that time. 
Prior Research and Theories
Previously, Coastal Sensing & Survey classified this target as LU07. Described as a barge and the wreck of a Foss 54 in Lake Union. Previously, DCS Films classified this target as Foss 54. DCS films provides details about the vessel including historic photos. Previously, Lake Union Virtual Museum classified this target as the wreck as the Foss 54.",Yes,NA,91' x 26',15,Yes,Barge,https://www.coastalsensing.com/survey-target-logs-lake-union/tag/LU07,8,yes,NA,110 x 30,"Length 110 feet, Width 30 feet, Height 8 feet, Gross Tonnage 233",http://www.dcsfilms.com/Site_4/FOSS_54_Lake_Union.html,https://youtu.be/i42ZglIl_LU?si=zPqSMah3WNudZxu2,http://www.lakeunionhistory.org/Foss_Barge.html,no,no,13Dec2025,,,https://www.youtube.com/watch?v=MPLPYdXKrpQ,Updated Footage,Historical Footage,Gas Works Park
47.6449193,-122.3376876,LU008,Irene,Shipwreck,Shipwreck,45' x 12',#N/A,40,Wood,Vessel,Shipwreck,Wood,"Type: Vessel | Class: Shipwreck | Subclass: Wood
Shipwreck City Data
This target has been classified as a wood shipwreck. Resting in 40 feet of water and measuring roughly 45 feet by 12 feet. The name Irene is a presumed identification based on lettering found on debris at the site/ Vessel has visable deck planking along with outer planking and inner sheathing. Rounded stern of the vessel is visable and parts of the deck have collapsed. Other debris marks the areas such as a chair and tire. No clear vessel purpose can be identifed at this time. 
Prior Research and Theories
This target has classified by Coastal Sensing & Survey as LU08. Described as shipwreck. No additional narrative accompanies the entry beyond the classification and sonar imagery. This target has been classified by DCS Films as Irene. This target has been classified by Lake Union Virtual Museum as Irene. Added measurments of 48 feet long, 11 feet wide, and 6 feet tall at the bow.",Yes,NA,45' x 12',40,Yes,Shipwreck,https://www.coastalsensing.com/survey-target-logs-lake-union/tag/LU08,9,yes,NA,48 x 11ft,"Length 48 feet, Width 11ft, Depth 6 feet (bow) 3 feet (stern), Engine 22 feet from bow",http://www.dcsfilms.com/Site_4/Irene_Lake_Union.html,https://youtu.be/VluSc-tzzZM?si=CitVDeiU10oG2e9r,http://www.lakeunionhistory.org/Irene.html,no,no,10Feb2026,,,NA,Updated Footage,Historical Footage,Gas Works Park
47.6448424,-122.3380882,LU009,Landing Craft,Shipwreck,Landing Craft,40' x 10',#N/A,40,Wood,Vessel,Shipwreck,Wood,"Type: Vessel | Class: Shipwreck | Subclass: Wood
Shipwreck City Data
This target has been classified as a wood shipwreck. Resting in 40 feet of water and measuring roughly 40 feet by 10 feet. Visable flat, angular bow structure typical and looks like it could be used as a landing craft. Visible deck framing and hardware including a possible cleat still fastened to one of the beams. Sections of the target are coated in silt and light growth.
Prior Research and Theories
This target has been classified by Coastal Sensing & Survey as LU09 as a converted landing craft. DCS Films documents it among its Lake Union relics. The Lake Union Virtual Museum specifies that this wreck was originally a military LCVP landing craft before being converted for other uses, and gives its dimensions as 34 feet long, 9 feet wide, with a 4-foot depth at the bow, with underwater photos credited to diver Dan Warter from 2011.",Yes,NA,40' x 10',40,Yes,Converted Landing Craft,https://www.coastalsensing.com/survey-target-logs-lake-union/tag/LU09,10,yes,NA,34 x 9,"Wooden vessel, length 34', width 9', depth 4' (bow)",http://www.dcsfilms.com/Site_4/Lake_Union_Targets.html,https://www.youtube.com/watch?v=u__u4sHH8hI,http://www.lakeunionhistory.org/Converted_Landing_Craft.html,no,no,13Dec2025,,,https://www.youtube.com/watch?v=MPLPYdXKrpQ,Updated Footage,Historical Footage,Gas Works Park
47.6451389,-122.3395139,LU010,Small Work Barge,Barge,Small wood work barge,15' x 6',#N/A,40,Wood,Vessel,Barge Wreck,Wood,"Type: Vessel | Class: Barge Wreck | Subclass: Wood
Shipwreck City Data
This target has been classified as a wood barge wreck. Resting in 40 feet of water and measuring roughly 15 feet by 6 feet. Squared-off timber hull section is visable with the exposed wood coated in light growth and sediment, and a darker patch of buildup or debris settled against the structure. Parts of the structure have broken away leaving views into the interrior of the target. Possible debris inside. 
Prior Research and Theories
This target has been classified by Coastal Sensing & Survey as LU10, described as a small work barge. No additional narrative accompanies the entry beyond the classification and sonar imagery.",Yes,NA,15' x 6',40,Yes,Dock Section,https://www.coastalsensing.com/survey-target-logs-lake-union/tag/LU10,NA,NA,NA,NA,NA,NA,,NA,no,no,10May2026,,,NA,First Footage,No Footage,boat
47.6465455,-122.3426982,LU011,Debris Field,Debris,Large Tire Sanding Up & Debris Item,NA,#N/A,40,Mixed (Debris),Debris,Man Made,"N/A, Mixed Materials","Type: Debris | Class: Man Made | Subclass: Mixed Materials
Shipwreck City Data
This target has been classified as man made debris. Resting in 40 feet of water. Debris field contains large tire partially embedded in silt near a large squared timber, likely a piling or bollard, with a metal ring or eye fitting set into its top and a length of chain or rope looped through it. Scattered debris, including what appears to be a can and other discarded items, surrounds the site.
Prior Research and Theories
This target has been classified by Coastal Sensing & Survey as LU11, described the same way.",Yes,NA,NA,40,No,Large Tire Sanding Up & Debris Item,https://www.coastalsensing.com/survey-target-logs-lake-union/tag/LU11,NA,NA,NA,NA,NA,NA,,NA,no,no,2June2026,,,NA,First Footage,No Footage,Pacific Coast Yachting Services
47.6466034,-122.3428997,LU012,Kahlenberg,Shipwreck,Boat,55' x 14',#N/A,40,Wood,Vessel,Shipwreck,Wood,"Type: Vessel | Class: Shipwreck | Subclass: Wood
Shipwreck City Data
This target has been classified as a wooden boat, resting in 40 feet of water and measuring roughly 55 feet by 14 feet. The dive shows the bow and stern sections largely intact, with structural ribs and framing visible, though the midship area is heavily broken down. A prominent gun mount fitting is visible on the bow, along with hardware including a diamond-shaped fastener and various fittings along the hull. Sponge-like growth colonizes parts of the exposed wood, and a red plastic cup rests among the wreckage, along with visible x-braced framing near the stern.
Prior Research and Theories
This target has been historically explored and logged by Coastal Sensing & Survey under LU12. DCS Films documents it in detail as the Kahlenberg: built in 1913, 50 feet long and 11 feet wide, first used by the U.S. Navy as a tender in Oriental waters, likely during WWI, with the gun mount on the bow a legacy of that service. After being struck from the naval register, it was sold to Kahlenberg Industries Inc., a maker of fishing and towboat engines, who used it as a demonstration boat. Captain Franz Nelson later bought it in Alaska and brought it to Puget Sound to work as a shrimp boat in Elliott Bay, one of several vessels that fished over deep wreck sites there. Its drag net was 15 feet wide and 25 feet long, run off 600 feet of cable by a steam-powered winch, reaching depths of 180 to 300 feet on hauls that covered a quarter mile in about 30 minutes. Nelson ran the boat for years with his wife Elsie and sometimes his son Bill as crew, drawing local press coverage, including one occasion when Ivar Haglund helped bring in a 60-pound octopus pulled up in the net. It was later identified on the bottom of Lake Union by the Maritime Documentation Society and DCS Films, with its midship section destroyed and only the bow and stern remaining, matching what Shipwreck City's own imagery shows.",Yes,NA,55' x 14',40,Yes,Boat,https://www.coastalsensing.com/survey-target-logs-lake-union/tag/LU12,13,yes,NA,NA,NA,http://www.dcsfilms.com/Site_4/Wreck_of_the_Kahlenberg.html,https://vimeo.com/30358393?fl=pl&fe=sh,NA,no,no,2June2026,,,NA,Updated Footage,Historical Footage,Pacific Coast Yachting Services
47.64702,-122.3415702,LU013,Shipwreck,Shipwreck,Shipwreck,TBD,#N/A,40,Unknown,Vessel,Shipwreck,Unknown Material,Shipwreck City has yet to explore this target. See below resources for information. ,Yes,NA,TBD,40,No,Shipwreck,https://www.coastalsensing.com/survey-target-logs-lake-union/tag/LU13,NA,NA,NA,NA,NA,NA,,NA,no,no,NA,,,NA,No Footage,No Footage,Divers Institute of Technology
47.6470662,-122.3409251,LU014,Shipwreck,Shipwreck,Shipwreck Under Docks,TBD,#N/A,40,Unknown,Vessel,Shipwreck,Unknown Material,Shipwreck City has yet to explore this target. See below resources for information. ,Yes,NA,TBD,40,No,Shipwreck Under Docks,https://www.coastalsensing.com/survey-target-logs-lake-union/tag/LU14,NA,NA,NA,NA,NA,NA,,NA,no,no,NA,,,NA,No Footage,No Footage,Divers Institute of Technology
47.6473064,-122.3449945,LU015,Wood Boat / Tug,Shipwreck,Large wood boat/Tug,75' x 18' Approx,#N/A,40,Wood,Vessel,Shipwreck,Wood,Shipwreck City has yet to explore this target. See below resources for information. ,Yes,NA,75' x 18' Approx,40,Yes,Large wood boat/Tug,https://www.coastalsensing.com/survey-target-logs-lake-union/tag/LU15,42,yes,NA,70 x 12,"70' length, 12' wide",http://www.dcsfilms.com/Site_4/Lake_Union_shipwrecks.html,,NA,no,no,NA,,,NA,Historical Footage,Historical Footage,Fremont Tugboat Piers ?
47.6472315,-122.3452354,LU016,Shipwreck,Shipwreck,Shipwreck,21' x 8',#N/A,40,Unknown,Vessel,Shipwreck,Unknown Material,Shipwreck City has yet to explore this target. See below resources for information. ,Yes,NA,21' x 8',40,No,Shipwreck,https://www.coastalsensing.com/survey-target-logs-lake-union/tag/LU16,NA,NA,NA,NA,NA,NA,,NA,no,no,NA,,,NA,No Footage,No Footage,Fremont Tugboat Piers ?
47.6472004,-122.3451279,LU017,Karinda,Shipwreck,Cabin Cruiser,21' x 8',#N/A,40,Fiberglass,Vessel,Shipwreck,Fiberglass,Shipwreck City has yet to explore this target. See below resources for information. ,Yes,NA,21' x 8',40,Yes,Shipwreck,https://www.coastalsensing.com/survey-target-logs-lake-union/tag/LU17,37,yes,NA,20' x 8',"20' length, 8' width",http://www.dcsfilms.com/Site_4/Lake_Union_boats_sink.html,https://vimeo.com/35357451?fl=pl&fe=sh,NA,no,no,NA,,,NA,Historical Footage,Historical Footage,Fremont Tugboat Piers ?
47.647163,-122.3449389,LU018,HI-YU-ALL,Shipwreck,Shipwreck,25' x 8',#N/A,40,Fiberglass,Vessel,Shipwreck,Fiberglass,Shipwreck City has yet to explore this target. See below resources for information. ,Yes,NA,25' x 8',40,Yes,Shipwreck,https://www.coastalsensing.com/survey-target-logs-lake-union/tag/LU18,38,yes,NA,24' x 8',"24' length, 8' width",http://www.dcsfilms.com/Site_4/Lake_Union_boats_sink.html,https://vimeo.com/35357451?fl=pl&fe=sh,NA,no,no,NA,,,NA,Historical Footage,Historical Footage,Fremont Tugboat Piers ?
47.6471583,-122.3454721,LU019,Wood Cruiser,Shipwreck,Wood Craft,25 x 10,#N/A,40,Wood,Vessel,Shipwreck,Wood,Shipwreck City has yet to explore this target. See below resources for information. ,Yes,NA,15' x 7.5',40,Yes,Wood Craft,https://www.coastalsensing.com/survey-target-logs-lake-union/tag/LU19,39,yes,NA,25' x 10',"Unidentified, 25' Length, 10' width",http://www.dcsfilms.com/Site_4/Lake_Union_boats_sink.html,https://vimeo.com/35357451?fl=pl&fe=sh,NA,no,no,NA,,,NA,No Footage,Historical Footage,Fremont Tugboat Piers ?
47.6483132,-122.3467669,LU020,Possible Barge,Unknown,Possible Barge Under Silt,Unknown,#N/A,30,Unknown,Undetermined,N/A,N/A,Shipwreck City has yet to explore this target. See below resources for information. ,Yes,NA,TBD,30,No,Possible Barge Under Silt,https://www.coastalsensing.com/survey-target-logs-lake-union/tag/LU20,NA,NA,NA,NA,NA,NA,NA,NA,no,no,NA,,,NA,No Footage,No Footage,Lake Washington Rowing Club
47.6506562,-122.3293966,LU021,Steel Workboat,Shipwreck,Steel Workboat,Unknown,#N/A,30,Metal,Vessel,Shipwreck,Metal,"Type: Vessel | Class: Shipwreck | Subclass: Metal
Shipwreck City Data
This target has been classified as a steel workboat, resting in 30 feet of water. Visibility at the site was very poor, with most of the dive obscured by heavy sediment in the water column. In clearer frames, a flat steel deck section is visible with several vertical support legs or pilings extending down from its underside, along with a small fitting or hardware piece resting on the deck surface.
Prior Research and Theories
This target has been historically explored and logged by Coastal Sensing & Survey under LU21 and . The Lake Union Virtual Museum documents it as a 30-foot steel workboat, noting equipment on board that suggests it may have been a fireboat, with a fish seen swimming inside the cabin in underwater photos credited to diver Dan Warter from 2011. That page links to DCS Films' documentation of the DIT Boat, the same source referenced for target LU022, which may indicate the two targets refer to the same or a related wreck and should be reconciled on a future dive.",Yes,NA,TBD,30,Yes,Steel Workboat,https://www.coastalsensing.com/survey-target-logs-lake-union/tag/LU21,NA,NA,NA,NA,NA,NA,NA,NA,no,no,4May2026,,,NA,Updated Footage,Historical Footage,"Seattle Marina, Gas Works Brewing"
47.6470067,-122.34112,LU022,Metal Fire Boat,Shipwreck,Metal fire Boat,30.5 x 11,#N/A,Unknown,Metal,Vessel,Shipwreck,Metal,Shipwreck City has yet to explore this target. See below resources for information. ,Yes,NA,TBD,Unknown,Yes,Metal fire Boat,https://www.coastalsensing.com/survey-target-logs-lake-union/tag/LU22,34,yes,NA,30.5' x 11',"Steel Boat, Divers Institute of Technology Wreck, 30.5' long, 11' wide",http://www.dcsfilms.com/Site_4/DIT_Boat.html,https://vimeo.com/31992353?fl=pl&fe=sh,NA,no,no,NA,,,NA,Historical Footage,Historical Footage,Divers Institute of Technology
47.6485336,-122.3465156,LU023,Small Wood Barge,Barge,Small wood barge,12 x 5,#N/A,30,Wood,Vessel,Barge Wreck,Wood,Shipwreck City has yet to explore this target. See below resources for information. ,Yes,NA,33' x 10',30,Yes,Small wood barge,https://www.coastalsensing.com/survey-target-logs-lake-union/tag/LU23,40,yes,NA,12 x 5 x 4,"12' length, 5' width, 4' height",http://www.dcsfilms.com/Site_4/Lake_Union_boats_sink.html,https://vimeo.com/35357451?fl=pl&fe=sh,NA,no,no,NA,,,NA,Historical Footage,Historical Footage,Lake Washington Rowing Club
47.6466882,-122.3482614,LU024,Bowspirit Boat,Shipwreck,Bowsprit Boat,33' x 10',#N/A,40,Mixed (Metal and Wood),Vessel,Shipwreck,"Wood, Metal","Type: Vessel | Class: Shipwreck | Subclass: Metal
Shipwreck City Data
This target has been classified as a bowsprit boat, resting in 40 feet of water, with a recorded dimension of 40 feet by 25 feet. Shipwreck City has now dived and photographed the site, with moderate visibility throughout. Dive footage shows a pointed bow structure where two heavily encrusted members converge, with copper-toned staining at the joint, a fan of exposed wood framing nearby, and a boxed structure with two square openings that may be the remains of a deckhouse. Side-scan sonar imagery shows an elongated footprint with a pointed projection matching the bow feature seen in the dive photos.
Prior Research and Theories
This target has been historically explored and logged by Coastal Sensing & Survey under LU24, though no additional narrative accompanies the entry. DCS Films has dove this wreck.",Yes,NA,40' x 25',40,Yes,Bowsprit Boat,https://www.coastalsensing.com/survey-target-logs-lake-union/tag/LU24,0,NA,NA,NA,Old bowspirit sailboat,http://www.dcsfilms.com/Site_4/Lake_Union_Sailboat.html,https://vimeo.com/30735834?fl=pl&fe=sh,http://www.lakeunionhistory.org/Large_Sailboat.html,no,no,5May2026,,,NA,Updated Footage,Historical Footage,Boat
47.6461166,-122.346582,LU025,Log Pile,Debris,Log Pile,40' x 25',#N/A,40,Wood,Debris,Man Made,Wood,"Type: Debris | Class: Man Made | Subclass: Wood
Shipwreck City Data
This target has been classified as a log pile, resting in 40 feet of water, with a recorded dimension of 28 feet by 8.5 feet. Dive footage shows multiple large logs resting across one another, logs appear to be machine cut. We are unable to determine if all logs come from the same pile or are a larger collection of lumber debris. Rope and other debris scattered around the logs and appear to be possible fishing line debris of floats. 
Prior Research and Theories
This target has been classified by Coastal Sensing & Survey as LU25 as a pile of logs,  though no additional narrative accompanies the entry beyond the classification and sonar imagery. This taget has been classified by DCS Films as a pile of logs, recording it at approximately 25 feet long and 30 feet wide. ",Yes,NA,28' x 8.5',40,No,Log Pile,https://www.coastalsensing.com/survey-target-logs-lake-union/tag/LU25,1,yes,NA,approx 25' x 30',"Pile of logs, approx 25' long, 30' 'wide",http://www.dcsfilms.com/Site_4/Lake_Union_logs.html,https://vimeo.com/32129068?fl=pl&fe=sh,NA,no,no,2June2026,,,NA,Updated Footage,Historical Footage,Boat
47.6447966,-122.3443114,LU026,***Quinn II,Shipwreck,Pleasure craft,28' x 8.5',#N/A,40,Fiberglass,Vessel,Shipwreck,Fiberglass,"Type: Vessel | Class: Shipwreck | Subclass: Fiberglass
Shipwreck City Data
This target has been classified as a fiberglass shipwreck, resting in 40 feet of water, with a recorded dimension of 28 feet by 8.5 feet. The name ""Quinn II"" is a presumed identification based on lettering found on debris at the site, not a confirmed reading of hull markings. Dive footage shows a painted hull, white topsides over red-orange bottom paint worn through to bare material in patches, with a transom fitted with a round cap or fitting. Other unidentified debris appears inside the wreck. Aquatic weeds have taken hold across the lakebed immediately around the wreck.
Prior Research and Theories
This target has been classified by Coastal Sensing & Survey as LU26, describing it as asmall boat near the pilings of a marina. No additional narrative accompanies the entry beyond the classification and sonar imagery. ",Yes,NA,TBD,40,No,Shipwreck,https://www.coastalsensing.com/survey-target-logs-lake-union/tag/LU26,NA,NA,NA,NA,NA,NA,,NA,no,no,15Apr2026,,,NA,First Footage,No Footage,Rainier Marina (Boat World)
47.643588,-122.3430235,LU027,Possible Sidewheeler,Unknown,Possible Side wheeler (Near Shore),Unknown,#N/A,Unknown,Unknown,Undetermined,N/A,N/A,Shipwreck City has yet to explore this target. See below resources for information. ,No,NA,60' x 20',Unknown,Yes,Possible Side wheeler (Near Shore),https://www.coastalsensing.com/survey-target-logs-lake-union/tag/LU27,32,yes,NA,NA,NA,http://www.dcsfilms.com/Site_4/Lake_Union_Sidewheeler.html,https://youtu.be/y41OxkBF5Bk?si=MMq-rYIE0v7lD_iF,NA,no,no,NA,,,NA,Historical Footage,Historical Footage,Seattle Boat Works / Swiftsure Yachts ?
47.6428841,-122.3416665,LU028,Draft Marker Boat,Shipwreck,Draft Marker Boat,60' x 20',#N/A,40,Unknown,Vessel,Shipwreck,Wood,"Shipwreck City Data
This target has been classified as a wood shipwreck. Resting in 40 feet of water, with a recorded dimension of 12 feet. Dive footage shows a pointed wooden bow structure and an intact gunwale rail running along visible planking, with several rounded fittings along its edge that may be deadeyes. Nearby, a rusted metal grating or lattice frame lies flat against the debris, alongside heavily encrusted crossed timbers and rounded mound-like features, possibly ballast, buried in growth. A corroded rudder or steering fitting is also visible among scattered loose planking. Visibility ranged from moderate to very poor across the dive.
Prior Research and Theories
This target has classified by Coastal Sensing & Survey as LU28, describing it as a large boat. No additional narrative accompanies the entry beyond the classification and sonar imagery. ",Yes,NA,12',40,Yes,Draft Marker Boat,https://www.coastalsensing.com/survey-target-logs-lake-union/tag/LU28,20,NA,NA,NA,NA,http://www.dcsfilms.com/Site_4/wooden_wreck_lake_union.html,https://www.youtube.com/watch?v=8k1gl-ynrN0,NA,no,no,2June2026,,,NA,Updated Footage,Historical Footage,Seattle Boat Works / Swiftsure Yachts ?
47.642807,-122.3410983,LU029,Metal Box Frame,Debris,Net (Floating on Concrete Anchor),12',#N/A,40,Mixed (Debris),Infrastructure ,Man Made,Mixed Materials,"Type: Infrastructure | Class: Man Made | Subclass: Mixed Materials
Shipwreck City Data
This target has been classified as a net floating on a concrete anchor, resting in 40 feet of water, with a recorded dimension of 12 feet. Dive footage shows a concrete block structure with large square openings, heavily encrusted with rust-toned biofouling and draped in netting, with a sea star visible clinging to one section. A single vertical rod or piling rises from the debris nearby. Visibility ranged from poor to very poor throughout the dive.
Prior Research and Theories
This target has been logged by Coastal Sensing & Survey under LU29 as a net floating on a concrete anchor, though no additional narrative accompanies the entry.",Yes,NA,TBD - In mud,40,Yes,Net (Floating on Concrete Anchor),https://www.coastalsensing.com/survey-target-logs-lake-union/tag/LU29,NA,NA,NA,NA,NA,NA,,NA,no,no,2June2026,,,NA,First Footage,No Footage,Seattle Boat Works / Swiftsure Yachts ?
47.640024,-122.3401989,LU030,Sailboat,Shipwreck,Large Sailboat,34' x 10',#N/A,40,Wood,Vessel,Shipwreck,Wood,Shipwreck City has yet to explore this target. See below resources for information. ,No,NA,NA,40,No,Large Sailboat,https://www.coastalsensing.com/survey-target-logs-lake-union/tag/LU30,31,yes,NA,34 x 10,"Wooden Pleasure Craft, Length 24, Width 10",http://www.dcsfilms.com/Site_4/Wrecks_of_Lake_Union.html,https://vimeo.com/23784461?fl=pl&fe=sh,NA,no,no,NA,NA,NA,NA,Historical Footage,Historical Footage,Western Yacht Harbor ?
47.6399514,-122.3402139,LU031,Metal Boat,Shipwreck,Corroded Metal Boat,Unknown,#N/A,40,Metal,Vessel,Shipwreck,Metal,Shipwreck City has yet to explore this target. See below resources for information. ,Yes,NA,NA,40,Yes,Metal Hull,https://www.coastalsensing.com/survey-target-logs-lake-union/tag/LU31,30,yes,NA,NA,Corroded Metal Hull,http://www.dcsfilms.com/Site_4/Wrecks_of_Lake_Union.html,https://vimeo.com/23784461?fl=pl&fe=sh,NA,no,no,NA,NA,NA,NA,Historical Footage,Historical Footage,Western Yacht Harbor ?
47.6392968,-122.3390021,LU032,Wood Barge,Barge,Barge,60' x 20',#N/A,40,Wood,Vessel,Barge Wreck,Wood,"Shipwreck City Data
This target has been classified as a wooden barge, resting in 40 feet of water. Shipwreck City's own measurements put the vessel at roughly 60 feet by 20 feet. The hull structure remains largely intact, with visible deck beams, joints, and at least one upright post or piling rising from the frame, possibly a bit or mooring point. Sponge-like yellow biofouling colonizes much of the exposed wood, and patches of aquatic weeds have taken hold across sections of the deck and beams. A length of rope or cable is visible coiled and wrapped around parts of the structure. 
Prior Research and Theories
This target has been logged twice by Coastal Sensing & Survey under LU32: an initial entry from January 28, 2020 recorded as an unknown barge, and a follow up from August 22, 2021 noting the barge's well preserved structure in more recent imagery, with a recorded dimension of 45 feet by 16 feet, smaller than the figure from Shipwreck City's own survey. It has also been referenced as ""Barge #3"" in DCS Films' Lake Union wreck survey, though without additional written detail.",Yes,NA,45' x 16',40,Yes,Barge,https://www.coastalsensing.com/survey-target-logs-lake-union/tag/LU32,3,yes,NA,70' x 30',"""Old Barge', Length 70', Width 3', Height 4'",http://www.dcsfilms.com/Site_4/Lake_Union_Survey.html,https://vimeo.com/23801433?fl=pl&fe=sh,http://www.lakeunionhistory.org/Old_Barge.html,no,no,"27Mar2026, 7Mar2026",,,NA,Updated Footage,Historical Footage,Julie's Landing (Boat World)
47.6384812,-122.3377314,LU033,Collapsed Wooden Boat,Shipwreck,"45' wooden boat. Possible Name Lettering ""Crooery Ark""",45' x 16',#N/A,40,Wood,Vessel,Shipwreck,Wood,"Shipwreck City Data
This target has been classified as a 45 foot wooden boat, resting in 40 feet of water, with a dimension of 45 feet by 16 feet. Possible name lettering reading ""Crooery Ark"" is visible on the hull, though the wording is not fully legible. The wreckage is broken apart, with sonar imagery showing a scattered debris field alongside the more intact sections of hull. ROV footage shows structural timbers crossing over one another at the site, along with what appears to be a mast step or deck fitting encrusted with growth, sitting between crossed planks. Additional metal hardware, including a small cylindrical fitting with visible threading, was also observed among the wreckage.
Prior Research and Theories
This target has been logged twice by Coastal Sensing & Survey under LU33: an initial entry from January 28, 2020 describing it as an unknown boat, mostly reduced to debris, with possible name lettering reading ""Crooery Ark,"" and a follow up entry from August 22, 2021 describing it simply as an old wreck with an interesting sonar return.
Additional Context
This target has not been historically identified. The partial name lettering, if confirmed, could offer a path to identifying the vessel through historical vessel registries or newspaper archives, though ""Crooery Ark"" does not correspond to any known wreck or vessel name found so far.",Yes,NA,TBD,40,Yes,"45' wooden boat. Possible Name Lettering ""Crooery Ark""",https://www.coastalsensing.com/survey-target-logs-lake-union/tag/LU33,NA,NA,NA,NA,NA,NA,,NA,no,no,"27Mar2026, 5May2026",,,NA,Updated Footage,Historical Footage,Julie's Landing (Boat World)
47.6352269,-122.3389165,LU034,Personal Liveaboad,Shipwreck,Personal Liveaboard,Unknown,#N/A,30,Mixed (Metal and Wood),Debris,Man Made,Mixed Materials,Shipwreck City has yet to explore this target. See below resources for information. ,Yes,NA,TBD - Under Dock Near Shore,30,Yes,Personal Liveaboard,https://www.coastalsensing.com/survey-target-logs-lake-union/tag/LU34,4,yes,NA,NA,personal liveboard,http://www.dcsfilms.com/Site_4/Sea_Bee.html,https://youtu.be/OvlHtjmf_Mo?si=JSx0ne8tbc2w-iZ7,NA,no,no,NA,,,NA,Historical Footage,Historical Footage,Boat House Deli Piers ?
47.6351842,-122.3394291,LU035,Jeanette,Shipwreck,Fishing Vessel,40 x 10,#N/A,,Wood,Vessel,Shipwreck,Wood,Shipwreck City has yet to explore this target. See below resources for information. ,No,NA,NA,,Yes,Shipwreck,https://www.coastalsensing.com/survey-target-logs-lake-union/tag/LU35,21,yes,NA,40 x 10,"Fishing vessel, Length 40ft, Beam 10ft",http://www.dcsfilms.com/Site_4/Jeanette_Lake_Union.html,https://youtu.be/BVn-kgVOBWA?si=_BVW739VVn3UTB4F,http://www.lakeunionhistory.org/Jeanette.html,no,no,NA,,,NA,Historical Footage,Historical Footage,Boat House Deli Piers ?
47.6353207,-122.3349149,LU036,Debris Field,Unknown,Multiple Floating Objects,N/A,#N/A,40,Unknown,Debris,Man Made,Mixed Materials,"Type: Debris | Class: Man Made | Subclass: Mixed Materials
Shipwreck City Data
This target has been classified as multiple floating objects, resting in 40 feet of water, with dimensions still to be determined. Dive footage shows a scattered debris field across silty lakebed, including a coiled ring of rope or hose, a hook or branch-shaped metal fragment, and several smaller unidentified pieces. Visibility was very poor throughout, with most frames obscured by suspended sediment.
Prior Research and Theories
This target has been logged by Coastal Sensing & Survey under LU36, though no additional narrative accompanies the entry.",Yes,NA,TBD,40,No,Multiple Floating Objects,https://www.coastalsensing.com/survey-target-logs-lake-union/tag/LU36,NA,NA,NA,NA,NA,NA,,NA,no,no,3June2026,,,NA,First Footage,No Footage,Boat
47.6345818,-122.3339668,LU037,Debris Field,Unknown,Unknown Debris Item - Possible small boat.,Unknown,#N/A,40,Unknown,Debris,Man Made,Mixed Materials,"Type: Debris | Class: Man Made | Subclass: Mixed Materials
Shipwreck City Data
This target has been classified as an unknown debris item, possibly a small boat, resting in 40 feet of water, with dimensions still to be determined given its location tucked under a dock near shore. Dive footage shows a single vertical line or cable rising from the lakebed, with small unidentified fragments scattered nearby. Visibility was poor throughout, with little structure clearly resolved in any frame, and nothing in the footage confirms this is in fact a vessel.
Prior Research and Theories
This target has been logged by Coastal Sensing & Survey under LU37, though no additional narrative accompanies the entry.",Yes,NA,TBD - Under Dock Near Shore,40,No,Unknown Debris Item - Possible small boat.,https://www.coastalsensing.com/survey-target-logs-lake-union/tag/LU37,NA,NA,NA,NA,NA,NA,,NA,no,no,3June2026,,,NA,First Footage,No Footage,Boat
47.6345066,-122.3391884,LU038,USS Lapeer (PC 1138),Shipwreck,Patrol Craft,TBD - Under Dock Near Shore,#N/A,40,Unknown,Vessel,Shipwreck,Metal,Shipwreck City has yet to explore this target. See below resources for information. ,Yes,NA,9' x 6',40,Yes,Shipwreck,https://www.coastalsensing.com/survey-target-logs-lake-union/tag/LU38,22,yes,NA,NA,Coast Guard Navy Vesel ,http://www.dcsfilms.com/Site_4/PC_1138_Lake_Union.html,https://youtu.be/0Ma9MnDrftc?si=ykr9AvZM2U31ktJO,http://www.lakeunionhistory.org/Lapeer.html,no,no,NA,,,NA,Historical Footage,Historical Footage,The Lake Union Building Piers ?
47.6345476,-122.3385052,LU039,Debris,Unknown,Unknown Debris Item,9' x 6',#N/A,40,Unknown,Undetermined,Unknown,Unknown Material,Shipwreck City has yet to explore this target. See below resources for information. ,Yes,NA,TBD,40,No,Unknown Debris Item,https://www.coastalsensing.com/survey-target-logs-lake-union/tag/LU39,NA,NA,NA,NA,NA,NA,,NA,no,no,NA,,,NA,No Footage,No Footage,The Lake Union Building Piers ?
47.6341326,-122.3390325,LU040,Sternwheeler,Shipwreck,Big Wooden (sternwheeler),TBD,#N/A,30,Wood,Vessel,Shipwreck,Wood,Shipwreck City has yet to explore this target. See below resources for information. ,Yes,NA,TBD - Under Dock - Near Shore,30,Yes,Big Wooden (sternwheeler),https://www.coastalsensing.com/survey-target-logs-lake-union/tag/LU40,23,NA,yes,NA,NA,http://www.dcsfilms.com/Site_4/Long_wooden_Hull_Lake_Union.html,https://youtu.be/BbD_aqyLsvg?si=YTlziJQwVeUjIrJU,http://www.lakeunionhistory.org/Sternwheeler.html,no,no,NA,,,NA,No Footage,No Footage,The Lake Union Building Piers ?
47.6339031,-122.3394264,LU041,Sea Bee,Shipwreck,Sailboat,TBD - Under Dock - Near Shore,#N/A,,Wood,Vessel,Shipwreck,Wood,Shipwreck City has yet to explore this target. See below resources for information. ,No,NA,90' x 18',,Yes,Sea Bee,https://www.coastalsensing.com/survey-target-logs-lake-union/tag/LU41,24,yes,NA,NA,personal sailboat,http://www.dcsfilms.com/Site_4/Sea_Bee.html,https://youtu.be/OvlHtjmf_Mo?si=JSx0ne8tbc2w-iZ7,NA,no,no,NA,,,NA,Historical Footage,Historical Footage,The Lake Union Building Piers ?
47.6320387,-122.3350086,LU042,JE Boyden,Shipwreck,Shipwreck,90' x 18',#N/A,40,Unknown,Vessel,Shipwreck,Wood,"Type: Vessel | Class: Shipwreck | Subclass: Wood
Shipwreck City Data
This target has been classified as a shipwreck, resting in 40 feet of water, with dimensions still to be determined. Shipwreck City has now dived and photographed the site. Dive footage shows a wooden hull with a pointed bow and copper-toned sheathing at the stem, an intact deck with square hatch openings, and a distinctive H-shaped timber bitt, two upright posts joined by a crossbar, matching historical accounts of the vessel's towing gear. 
This target has been historically explored and logged by Coastal Sensing & Survey under LU42. DCS Films documents it by name, recording it at 85 feet long with a 19 foot beam. The Lake Union Virtual Museum also documents the wreck, noting that a diver was able to clear sediment and reveal painted name lettering on the hull, and identifying the timber H-bitt seen in Shipwreck City's photos as the fitting historically used to haul large sailing vessels through Puget Sound.
Additional Context
The J.E. Boyden was built in 1888 and abandoned in 1935, with a depth of hold of 10 feet. She operated during a period when sail and engine power coexisted in Puget Sound, working as a tug to help large sailing ships navigate variable winds and tight waterways, sometimes towing more than one vessel at a time, archival photos even show a group of Makah whalers hitching a ride alongside a larger ship under tow.",Yes,NA,TBD,40,Yes,Shipwreck,https://www.coastalsensing.com/survey-target-logs-lake-union/tag/LU42,19,yes,NA,85 x 19,"Built in 1888, Length 85 feet, Beam 19 feet, Depth of hold 10 feet, Abandoned 1935",http://www.dcsfilms.com/Site_4/JE_Boyden.html,"https://www.youtube.com/watch?v=-XQFBZqIbKc, https://www.youtube.com/watch?v=whyU9-AT9yM&t=176s",http://www.lakeunionhistory.org/Boyden.html,no,no,3June2026,,,NA,Updated Footage,Historical Footage,Boat
47.6330541,-122.3339975,LU043,Log and Standing Wood,Debris,Multiple Standing Objects - Posts?,TBD,#N/A,40,Unknown,Debris,Man Made,Mixed Materials,"Type: Debris | Class: Man Made | Subclass: Mixed Materials
Shipwreck City Data
This target has been classified as multiple standing objects, possibly posts, resting in 40 feet of water, with dimensions still to be determined. Dive footage shows several upright wooden posts, one with a splintered, broken top, along with a folding anchor, its hooked flukes wrapped in rope or chain, resting against one of the posts. Loose metal fragments and other debris are scattered across the surrounding lakebed. Visibility ranged from moderate to very poor throughout.
Prior Research and Theories
This target has been logged by Coastal Sensing & Survey under LU43, though no additional narrative accompanies the entry.",Yes,NA,Unknown,40,No,Multiple Standing Objects - Posts?,https://www.coastalsensing.com/survey-target-logs-lake-union/tag/LU43,NA,NA,NA,NA,NA,NA,,NA,no,no,3June2026,,,NA,First Footage,No Footage,Boat
47.6298058,-122.3366552,LU044,Long Log,Debris,Clean cut long log,Unknown,#N/A,40,Wood,Debris,Man Made,Wood,"Type: Debris | Class: Man Made | Subclass: Wood
Shipwreck City Data
This target has been classified as a clean cut long log, resting in 40 feet of water, with dimensions still to be determined given the broken apart state of the material. Dive footage shows log sections with clean, sawn ends.
Prior Research and Theories
This target has been logged by Coastal Sensing & Survey under LU44, though no additional narrative accompanies the entry.",Yes,NA,TBD - Broken apart,40,No,Unknown,https://www.coastalsensing.com/survey-target-logs-lake-union/tag/LU44,NA,NA,NA,NA,NA,NA,,NA,no,no,5May2026,,,NA,First Footage,No Footage,Boat
47.6292802,-122.3373286,LU045,Collapsed Wooden Boat,Shipwreck,Wooden Shipwreck,TBD - Broken apart,#N/A,40,Wood,Vessel,Shipwreck,Wood,"Shipwreck City Data
This target has been classified as a wooden shipwreck, recently explored by the Shipwreck City team in May 2026. The hull is broken apart, with exact dimensions still to be determined given the collapsed state of the structure. ROV footage shows scattered structural timbers, including planking crossed in an X-pattern near the wreck site, and a length of corroded metal rod or hardware — possibly a stanchion or deck fitting — still upright among the wood. A separate section of curved hull or framing sits partially buried in silt, with a small metal or ceramic fitting nearby. Visibility at the site was poor, consistent with typical Lake Union conditions, and no fish or significant marine growth are clearly visible in the frames captured.
Prior Research and Theories
This target has been linked to a prior Coastal Sensing & Survey record logged as an ""Unknown Sailboat,"" surveyed by diver Ben Griner on January 28, 2020.
Additional Context
This target has not been historically identified. Its broken-apart, unidentified state is consistent with many of the smaller work boats and derelict craft that make up much of Lake Union's wreck population.",No,NA,NA,40,No,Shipwreck,https://www.coastalsensing.com/survey-target-logs-lake-union/tag/LU45,NA,NA,NA,NA,NA,NA,,NA,no,no,5May2026,,,NA,First Footage,No Footage,Boat
47.6277745,-122.3382654,LU046,Bicycle and Scooter (Previous Buick Site),Shipwreck,Buick,NA,#N/A,NA,Unknown,Debris,Man Made,"Civilian , Mixed Materials , Metal","Type: Debris | Class: Man Made | Subclass: Metal, Mixed Materials
Shipwreck City Data
This target formerly contained a Buick automobile, which has since been removed from the site. Shipwreck City has now dived and photographed the location, finding no trace of the vehicle. In its place, dive footage shows a bicycle frame with intact wheels and handlebars, along with what appears to be a Lime rental scooter, partially buried in silt nearby. Scattered wood debris and a round metal fitting are also visible at the site. Visibility ranged from moderate to very poor throughout.
Prior Research and Theories
This target has been logged by Coastal Sensing & Survey under LU46, though no additional narrative accompanies the entry. No DCS Films or Lake Union Virtual Museum records exist for this target.",Yes,NA,TBD,NA,Yes,Buick,https://www.coastalsensing.com/survey-target-logs-lake-union/tag/LU46,NA,NA,NA,NA,NA,NA,,NA,no,no,5May2026,,,NA,No Footage,No Footage,MOHAI Park
47.6289373,-122.3333583,LU047,Possible Shipwreck,Shipwreck,Unknown,TBD,#N/A,40,Unknown,Debris,Man Made,Mixed Materials,"Type: Debris | Class: Man Made | Subclass: Mixed Materials
Shipwreck City Data
This target has been classified as a possible branch with float, resting in 40 feet of water, with dimensions still to be determined. Dive footage shows a single vertical line or cable rising from the lakebed, heavily encrusted with growth, along with a torn sheet of light-colored fabric or tarp material nearby, which was recovered to the surface for closer inspection. A tire is also visible on the lakebed a short distance away. 
Prior Research and Theories
This target has been logged by Coastal Sensing & Survey under LU48, though no additional narrative accompanies the entry.",Yes,NA,TBD,40,No,Unknown,https://www.coastalsensing.com/survey-target-logs-lake-union/tag/LU47,NA,NA,NA,NA,NA,NA,,NA,no,no,NA,,,NA,No Footage,No Footage,Hampton Yacht Group Piers ?
47.6303026,-122.3339497,LU048,Barrel and Floating Rope,Unknown,Branch? with float,TBD,#N/A,40,Unknown,Debris,N/A,Unknown Material,Shipwreck City has yet to explore this target. See below resources for information. ,Yes,NA,TBD,40,No,Branch? with float,https://www.coastalsensing.com/survey-target-logs-lake-union/tag/LU48,NA,NA,NA,NA,NA,NA,,NA,no,no,3June2026,,,NA,First Footage,No Footage,Boat
47.6302222,-122.3316907,LU049,Possible Shipwreck,Unknown,Unknown debris - likely wreck,TBD,#N/A,NA,Unknown,Debris,N/A,Unknown Material,Shipwreck City has yet to explore this target. See below resources for information. ,Yes,NA,TBD,NA,No,Unknown debris - likely wreck,https://www.coastalsensing.com/survey-target-logs-lake-union/tag/LU49,NA,NA,NA,NA,NA,NA,,NA,no,no,NA,,,NA,No Footage,No Footage,Moss Bay Piers ?
47.6311304,-122.330876,LU050,Possible Shipwreck,Unknown,Unknown,TBD,#N/A,40,Unknown,Undetermined,N/A,N/A,Shipwreck City has yet to explore this target. See below resources for information. ,Yes,NA,TBD,40,No,Unknown,https://www.coastalsensing.com/survey-target-logs-lake-union/tag/LU50,NA,NA,NA,NA,NA,NA,,NA,no,no,NA,,,NA,No Footage,No Footage,Fairview Marina
47.6311535,-122.3307273,LU051,Possible Shipwreck,Unknown,Unknown,TBD,#N/A,40,Unknown,Undetermined,N/A,N/A,Shipwreck City has yet to explore this target. See below resources for information. ,Yes,NA,5' x 4',40,No,Unknown,https://www.coastalsensing.com/survey-target-logs-lake-union/tag/LU51,NA,NA,NA,NA,NA,NA,,NA,no,no,NA,,,NA,No Footage,No Footage,Fairview Marina
47.6306745,-122.3330504,LU052,Small Metal Chest,Unknown,Unknown Square Debris Item,5' x 4',#N/A,40,Unknown,Debris,Man Made,Mixed Materials,"Type: Debris | Class: Man Made | Subclass: Mixed Materials
Shipwreck City Data
This target has been classified as an unknown square debris item, resting in 40 feet of water, with a recorded dimension of 5 feet by 4 feet. Dive footage shows a rectangular metal box-like object, heavily rusted with visible openings on its sides, resting near a length of wooden beam or timber with bolt heads embedded in its surface. Smaller debris, including what may be a boot or shoe, litters the surrounding lakebed. Visibility ranged from moderate to very poor throughout.
Prior Research and Theories
This target has been logged by Coastal Sensing & Survey under LU52, though no additional narrative accompanies the entry.",Yes,NA,TBD,40,No,Unknown Square Debris Item,https://www.coastalsensing.com/survey-target-logs-lake-union/tag/LU52,NA,NA,NA,NA,NA,NA,,NA,no,no,3June2026,,,NA,First Footage,No Footage,Boat
47.6310024,-122.3334431,LU053,Pilings,Unknown,Vertical Object (Piling?),TBD,#N/A,40,Unknown,Debris,Man Made,Wood,"Type: Debris | Class: Man Made | Subclass: Wood
Shipwreck City Data
This target has been classified as a vertical object, possibly a piling, resting in 40 feet of water, with a recorded dimension of 24 feet by 4 feet. Dive footage shows several upright wooden posts or pilings rising from the lakebed, with heavily eroded, honeycombed tops on some, riddled with small holes consistent with marine borer damage or long-term decay. A thin metal rod stands upright alongside one of the posts. Visibility ranged from moderate to very poor throughout.
Prior Research and Theories
This target has been logged by Coastal Sensing & Survey under LU53, though no additional narrative accompanies the entry.",Yes,NA,24' x 4',40,No,Vertical Object (Piling?),https://www.coastalsensing.com/survey-target-logs-lake-union/tag/LU53,NA,NA,NA,NA,NA,NA,,NA,no,no,3June2026,,,NA,First Footage,No Footage,Boat
47.6324042,-122.331852,LU054,Debris Field,Unknown,Unknown Debris Item - Highly Reflective,24' x 4',#N/A,40,Unknown,Debris,Man Made,Mixed Materials,"Type: Debris | Class: Man Made | Subclass: Mixed Materials
Shipwreck City Data
This target has been classified as an unknown debris item, noted for a highly reflective sonar return, resting in 40 feet of water, with dimensions still to be determined given its location buried in mud. Dive footage shows a set of parallel wooden rails or timbers running along the lakebed, partially buried in silt, alongside a cylindrical piling and two shorter upright wood posts nearby. Small fish are visible moving through the frame. Visibility was poor throughout, consistent with heavy sediment in the water column.
Prior Research and Theories
This target has been logged by Coastal Sensing & Survey under LU54, though no additional narrative accompanies the entry.",Yes,NA,TBD - In Mud,40,No,Unknown Debris Item - Highly Reflective,https://www.coastalsensing.com/survey-target-logs-lake-union/tag/LU54,NA,NA,NA,NA,NA,NA,,NA,no,no,3June2026,,,NA,First Footage,No Footage,Boat
47.6327928,-122.3300995,LU055,Shipwreck,Barge,Barge,TBD - In Mud,#N/A,40,Unknown,Vessel,Barge Wreck,Unknown Material,Shipwreck City has yet to explore this target. See below resources for information. ,Yes,NA,70' x 40',40,No,Barge,https://www.coastalsensing.com/survey-target-logs-lake-union/tag/LU55,NA,NA,NA,NA,NA,NA,,NA,no,no,NA,,,NA,No Footage,No Footage,Lake Union Dry Dock Piers
47.6330204,-122.3302463,LU056,Shipwreck,Barge,Barge,70' x 40',#N/A,40,Unknown,Vessel,Barge Wreck,Unknown Material,Shipwreck City has yet to explore this target. See below resources for information. ,Yes,NA,TBD,40,No,Barge,https://www.coastalsensing.com/survey-target-logs-lake-union/tag/LU56,7?,yes,NA,90 x 30,"Legnth 90', Width 30', Height 4' and 3'",http://www.dcsfilms.com/Site_4/Lake_Union_barges.html,,NA,no,no,NA,,,NA,Historical Footage,Historical Footage,Lake Union Dry Dock Piers
47.633092,-122.3302082,LU057,Shipwreck(s) Debris Field,Unknown,Multiple Debris Objects Likely Broken Barge & Small Boat with General Debris,TBD,#N/A,40,Unknown,Vessel,Shipwreck,Unknown Material,Shipwreck City has yet to explore this target. See below resources for information. ,Yes,NA,TBD - In Mud,40,No,Multiple Debris Objects Likely Broken Barge & Small Boat with General Debris,https://www.coastalsensing.com/survey-target-logs-lake-union/tag/LU57,NA,NA,NA,NA,NA,NA,,NA,no,no,NA,,,NA,No Footage,No Footage,Lake Union Dry Dock Piers
47.6330807,-122.3300736,LU058,Barge,Unknown,Barge or Dock,TBD - In Mud,#N/A,40,Unknown,Vessel,Barge Wreck,Unknown Material,Shipwreck City has yet to explore this target. See below resources for information. ,Yes,NA,TBD,40,No,Barge or Dock,https://www.coastalsensing.com/survey-target-logs-lake-union/tag/LU58,NA,NA,NA,NA,NA,NA,,NA,no,no,NA,,,NA,No Footage,No Footage,Lake Union Dry Dock Piers
47.6333148,-122.3302221,LU059,Shipwreck,Shipwreck,Shipwreck,TBD,#N/A,40,Unknown,Vessel,Shipwreck,N/A,"Unknown (LU059)
Type: Vessell | Class: N/A | Subclass: N/A

Shipwreck City Data
This target has been classified as a shipwreck, resting in 40 feet of water, with dimensions still to be determined. It was originally identified through Coastal Sensing & Survey's side-scan sonar work rather than direct observation, and Shipwreck City has not yet dived or photographed the site to confirm what the sonar return represents.

Prior Research and Theories
This target has been logged by Coastal Sensing & Survey under LU59, though no additional narrative accompanies the entry. No DCS Films or Lake Union Virtual Museum records exist for this target.",Yes,NA,NA,40,No,Shipwreck,https://www.coastalsensing.com/survey-target-logs-lake-union/tag/LU59,NA,NA,NA,NA,NA,NA,,NA,no,no,NA,,,NA,No Footage,No Footage,Lake Union Dry Dock Piers
47.633318,-122.3306252,LU060,"Cables, Tires, Drums",Debris,Cable Bundles Entangled Tires & Drums,NA,#N/A,40,Mixed (Debris),Debris,Man Made,N/A,Shipwreck City has yet to explore this target. See below resources for information. ,Yes,NA,TBD,40,No,Cable Bundles Entangled Tires & Drums,https://www.coastalsensing.com/survey-target-logs-lake-union/tag/LU60,NA,NA,NA,NA,NA,NA,,NA,no,no,NA,,,NA,No Footage,No Footage,Lake Union Dry Dock Piers
47.6327249,-122.3298278,LU061,Debris,Shipwreck,Unknown,TBD,#N/A,NA,Unknown,Debris,Unknown,N/A,Shipwreck City has yet to explore this target. See below resources for information. ,Yes,NA,TBD,NA,No,Unknown,https://www.coastalsensing.com/survey-target-logs-lake-union/tag/LU61,NA,NA,NA,NA,NA,NA,,NA,no,no,NA,,,NA,No Footage,No Footage,Lake Union Dry Dock Piers
47.6325647,-122.3293027,LU062,Gypsy Queen (YMS105),Shipwreck,Yard Class Minesweeper,TBD,#N/A,40,Metal,Vessel,Shipwreck,Metal,"Shipwreck City Data
 This target has not yet been explored by the Shipwreck City team, though it has been surveyed and dived by other researchers. The following is compiled from those prior third-party surveys and public records, not our own ROV/dive data.
Target LU62 is logged as the wreck of the Gypsy Queen, per Coastal Sensing & Survey's target log. LU62 is the Wreck of the Gypsy Queen, catalogued alongside neighboring targets in the same survey pass: LU63, a double-ender sailboat, LU64, a wooden pleasure craft, and LU65, a cannery tender. She rests in about 40 feet of water at the south end of Lake Union, sitting upright, as it would have been in her mooring. Original specifications: length of 136 feet, beam 25 feet 7.5 inches, draft 8 feet 6 inches, and it displaced 245 tons. The hull remains coated in algae and mud, but divers have found rooms and corridors, even a mess, still walkable inside the submerged structure.
(Once Shipwreck City conducts its own pass: exact GPS position, current sonar return dimensions, marine growth/biofouling levels, any visible armament mounts or hardware, debris in the surrounding area, and a confirmed current depth — sources conflict between 25 ft and 40 ft.)
Prior Research and Theories
The wreck was first identified and logged in a Coastal Sensing & Survey field entry dated January 28, 2020, covering a five-target cluster (LU62–LU66) in the same area. Earlier still, diver Dan Warter's underwater video, loaded in January 2011, and a companion piece by Chris Borgen documented the wreck in clear conditions, building on the visual record established by the Lake Union Virtual Museum and the DCS Films archive. UW oceanography students later produced a sub-inch-resolution sonar scan of the wreck as part of a seafloor-mapping course. It's not known exactly when the Queen sank in Lake Union, though written accounts place her final owners' plans, and the boat's disappearance, in the years just after 1968.
Additional Context
The YMS-105 was laid down May 13, 1941 by Frank L. Sample Jr. Inc. at Boothbay Harbor, Maine, launched March 10, 1942, and completed that July. She carried one 3-inch .50 caliber anti-aircraft gun, four .50 caliber machine guns, two 20mm guns, and two depth charge projectors, stocking eight 300-pound depth charges, and could reach 15 knots on twin 880-BHP diesel engines. From 1942–1944 she served with the Eastern Sea Frontier, a coastal command patrolling from Canada to Jacksonville under Vice-Admiral Adolphus Andrews, before later duty in the Pacific. She was decommissioned April 17, 1946, and passed through roughly 13 owners — briefly known as the Emerson — before Thomas Stanley ""Stan"" Hill and his wife Alice bought her in 1958 and renamed her Gypsy Queen. Hill's plan was ambitious: use the Queen as a floating fish-processing plant, pair it with a trawler he named the Gypsy Trader, and tow the whole operation to Alaska with a tug called the Gypsy Too. The plan unraveled in stages — the Gypsy Too burned in 1965, and the Gypsy Trader sank in April 1968 — before the Gypsy Queen herself eventually went down in Lake Union, still fitted with the refrigeration equipment and generators Hill had installed for that final voyage.",No,NA,TBD,40,Yes,Gypsy Queen (YMS105),https://www.coastalsensing.com/survey-target-logs-lake-union/tag/LU62,26,yes,NA,NA,NA,http://www.dcsfilms.com/Site_4/YMS_105.html,"https://youtu.be/i42ZglIl_LU?si=zPqSMah3WNudZxu2, https://youtu.be/ujMC8WAhbIg?si=DvhDF2FLjSPu3Rox",http://www.lakeunionhistory.org/Gypsy_Queen.html,no,no,NA,,,NA,Historical Footage,Historical Footage,Lake Union Dry Dock Piers
47.6322,-122.328933,LU063,Wooden Sloop,Shipwreck,Small wooden sloop,NA,n/a,,Wood,Vessel,Shipwreck,Wood,Shipwreck City has yet to explore this target. See below resources for information. ,NA,NA,NA,NA,NA,NA,NA,27,yes,NA,NA,personal sailboat,http://www.dcsfilms.com/Site_4/Lake_Union_sloop.html,https://youtu.be/0sxbKmgkCqQ?si=hgwgDBTah-tQjFsL,NA,no,no,NA,NA,NA,NA,Historical Footage,Historical Footage,Lake Union Dry Dock Piers
47.6326797,-122.3288222,LU064,Wooden Pleasure Craft ( ___ANN),Shipwreck,Wooden Pleasure Craft,TBD,#N/A,40,Wood,Vessel,Shipwreck,Wood,Shipwreck City has yet to explore this target. See below resources for information. ,No,NA,NA,40,Yes,Wooden Pleasure Craft,https://www.coastalsensing.com/survey-target-logs-lake-union/tag/LU64,28,yes,NA,NA,pleasure craft ___ANN,http://www.dcsfilms.com/Site_4/Lake_Union_sloop.html,https://youtu.be/0sxbKmgkCqQ?si=FF8wBUAq9N8_ahtg,NA,no,no,NA,NA,NA,NA,Historical Footage,Historical Footage,Lake Union Dry Dock Piers
47.6325326,-122.3286632,LU065,Cannery Tender,Shipwreck,Cannery Tender,TBD,#N/A,40,Metal,Vessel,Shipwreck,Metal,Shipwreck City has yet to explore this target. See below resources for information. ,No,NA,NA,40,Yes,Cannery Tender,https://www.coastalsensing.com/survey-target-logs-lake-union/tag/LU65,29,yes,NA,NA,NA,http://www.dcsfilms.com/Site_4/Lake_Union_cannery_tender.html,"https://youtu.be/MPdt7ysqP_A?si=QgISx3mTvmRHL4Ll, https://youtu.be/j9EGgB4O8b8?si=uSLPfmQwepqfIZO9",http://www.lakeunionhistory.org/Cannery_Tender.html,no,no,NA,,,NA,Historical Footage,Historical Footage,Lake Union Dry Dock Piers
47.6310925,-122.3281916,LU066,Previous Harley Davidson Site,Vehicle,Stated to have been removed along with unnamed partial Barge with Bridge repair,NA,#N/A,15,Metal,Vessel,Car Wreck,Metal,SDOT likely removed as part of eastlake way bidge project,No,NA,TBD,15,Yes,Stated to have been removed along with unnamed partial Barge with Bridge repair,https://www.coastalsensing.com/survey-target-logs-lake-union/tag/LU66,25,yes,NA,NA,motorcycle,http://www.dcsfilms.com/Site_4/Harley_Davidson.html,https://vimeo.com/23784248?fl=pl&fe=sh,NA,no,no,3June2026,,,NA,Updated Footage,Historical Footage,Next to LUDD
47.6336477,-122.3280893,LU067,Likely Barge,Unknown,Likely Barge,TBD,#N/A,40,Unknown,Vessel,Barge Wreck,Unknown Material,Shipwreck City has yet to explore this target. See below resources for information. ,Yes,NA,TBD,40,No,Likely Barge,https://www.coastalsensing.com/survey-target-logs-lake-union/tag/LU67,NA,NA,NA,NA,NA,NA,,NA,no,no,NA,,,NA,No Footage,No Footage,Lake Union Dry Dock Piers
47.6339252,-122.3279334,LU068,Likely Barge,Barge,Barge,TBD,#N/A,40,Unknown,Vessel,Barge Wreck,Unknown Material,"Shipwreck City has explored this target, and we're working on an updated description (coming soon!).",Yes,NA,28' x 8',40,No,Barge,https://www.coastalsensing.com/survey-target-logs-lake-union/tag/LU68,NA,NA,NA,NA,NA,NA,,NA,no,no,NA,,,NA,No Footage,No Footage,Lake Union Dry Dock Piers
47.6356183,-122.3323852,LU069,Collapsed Wooden Boat,Shipwreck,Boat Partially in Mud,28' x 8',#N/A,40,Unknown,Vessel,Shipwreck,Wood,Shipwreck City has yet to explore this target. See below resources for information. ,Yes,NA,NA,40,No,Boat Partially in Mud,https://www.coastalsensing.com/survey-target-logs-lake-union/tag/LU69,NA,NA,NA,NA,NA,NA,,NA,no,no,2June2026,,,NA,First Footage,No Footage,Boat
47.6344759,-122.329419,LU070,Ladder Debris Field,Debris,Dry Dock Debris - Multiple Ladders - Possible Barge Tucked under Dock,NA,#N/A,40,Metal,Debris,Man Made,Metal,Shipwreck City has yet to explore this target. See below resources for information. ,Yes,NA,TBD,40,No,Dry Dock Debris - Multiple Ladders - Possible Barge Tucked under Dock,https://www.coastalsensing.com/survey-target-logs-lake-union/tag/LU70,NA,NA,NA,NA,NA,NA,,NA,no,no,NA,,,NA,No Footage,No Footage,Lake Union Dry Dock Piers
47.6363333,-122.3298851,LU071,Pleasure Craft,Unknown,Hard Return - Poor Image far Under Dock,TBD,#N/A,40,Unknown,Vessel,Shipwreck,Metal,Shipwreck City has yet to explore this target. See below resources for information. ,No,NA,9' x 5',40,No,Hard Return - Poor Image far Under Dock,https://www.coastalsensing.com/survey-target-logs-lake-union/tag/LU71,NA,NA,NA,NA,NA,NA,,NA,no,no,2June2026,,,NA,First Footage,No Footage,Terry Pettus Park
47.6364877,-122.333441,LU072,Debris,Unknown,Unknown Debris Item with Cable. Looks like two small boats on Lowrance Data - Better angle.,9' x 5',#N/A,40,Unknown,Debris,Unknown,N/A,Shipwreck City has yet to explore this target. See below resources for information. ,Yes,NA,12',40,No,Unknown Debris Item with Cable. Looks like two small boats on Lowrance Data - Better angle.,https://www.coastalsensing.com/survey-target-logs-lake-union/tag/LU72,NA,NA,NA,NA,NA,NA,,NA,no,no,NA,,,NA,No Footage,No Footage,Boat
47.6370577,-122.3339546,LU073,Possible Airplane Drop Tank,Unknown,Unknown Debris Item. Possible small Boat.,12',#N/A,40,Unknown,Debris,Plane Wreck,Metal,"Shipwreck City Data
This target has been explored by Shipwreck City but remains unidentified. It is currently classified under debris, with a likely subtype of plane wreck given its metal construction. Resting in 40 feet of water, the object measures roughly 12 feet in length and has a tapered, cylindrical shape consistent with an aircraft wing drop tank. The object is partially submerged in the lakebed sediment, with only its upper surface exposed. A significant breach or damaged section is visible along the midsection, torn open and coated in algae and biofouling around the exposed edges, while the tapered end shows visible flanges and what appear to be plumbing attachments. The extent of the damage makes it difficult to determine whether it occurred on impact, during sinking, or through decades of degradation. A follow-up dive is recommended to confirm the identification and inspect the attachment points and damaged section more closely.
Prior Research and Theories
This target has been logged twice by Coastal Sensing & Survey under LU73: an initial entry from January 28, 2020 recorded simply as an unknown target, and a later entry from August 22, 2021 identifying it as a kayak. That identification differs from the drop-tank theory suggested by the more recent Shipwreck City imagery, so the two accounts should be reconciled on a future dive.
Additional Context
This target has not been historically identified. If confirmed as a drop tank, it would fit a well-documented pattern of these tanks getting a second life after military service. Jettisoned drop tanks from downed or returning aircraft have been repurposed by civilians as boats in multiple documented cases — from Vietnamese farmers who split Vietnam War-era tanks into functional river canoes, still in use decades later, to WWII airmen in the Pacific who built drop-tank multihull sailing racers of their own. If this object saw similar reuse, it may represent a small custom-built or repurposed craft rather than a straightforward discarded tank, which would also help explain the ""possible small boat"" classification in its original naming.",Yes,NA,35',40,No,Unknown Debris Item. Possible small Boat.,https://www.coastalsensing.com/survey-target-logs-lake-union/tag/LU73,NA,NA,NA,NA,NA,NA,,NA,no,no,2June2026,,,NA,First Footage,No Footage,Boat
47.6384343,-122.3315968,LU074,Bulwarks Boat,Shipwreck,Bulwarks Boat,35',#N/A,4.5,Unknown,Vessel,Shipwreck,Wood,"Type: Vessel | Class: Shipwreck | Subclass: Wood
Shipwreck City Data
This target has been classified as a wood shipwreck. Resting in 4 feet of water and measuring roughly 35 feet in length. Total dimensions are unable to be fully classified due to debris and condition of the vessel. Ribs are visible in some areas as outer planking and inner sheathing have fallen. Significant debris are on top of the wreck which is not beleived to be part of the original vessel.
Prior Research and Theories
Previously, Coastal Sensing & Survey had classified this target as LU74. Described as the bulwarks boat. ",Yes,NA,TBD,4.5,Yes,Bulwarks Boat,https://www.coastalsensing.com/survey-target-logs-lake-union/tag/LU74,NA,NA,NA,NA,NA,NA,,NA,no,no,2June2026,,,NA,First Footage,No Footage,Flo Villa Houseboat Pier ?
47.6393933,-122.3340273,LU075,Wooden Debris,Unknown,TBD,TBD,#N/A,40,Unknown,Debris,Man Made,Wood,"Type: Debris | Class: Man Made | Subclass: Wood
Shipwreck City Data
This target has been classified as man made wood debris. Resting in 40 feet of water and measuring roughly X feet in length. Debris appears to be two pieces two-by-four cut wood connected. Appears to be smaller metal pieces attached on the outside of the wood. Rope appears to be connected to the target as well. Other debris in the area includes a metal pipe. 
Prior Research and Theories
Previously, Coastal Sensing & Survey had classified this target as LU75. Described as a unknown target. 
",Yes - Need HR Scan,NA,24' x 8',40,No,TBD,https://www.coastalsensing.com/survey-target-logs-lake-union/tag/LU75,NA,NA,NA,NA,NA,NA,,NA,no,no,2June2026,,,NA,First Footage,No Footage,Boat
47.6401027,-122.3327699,LU076,DARE-LES (WN 3986 D),Shipwreck,Fiberglass boat with cabin,24' x 8',#N/A,40,Fiberglass,Vessel,Shipwreck,Fiberglass,"Type: Vessel | Class: Shipwreck | Subclass: Fiberglass
Shipwreck City Data
This target has been classified as fiberglass shipwreck. Resting in 40 feet of water and measuring roughly 24 feet by 8 feet. The vessel’s name is the Dare-Les and the Hull I.D. on the bow looks to be WN3986D. The vessel is in good condition with only minor damage to the upper superstructure.  Main cabin is still upright and some deck wood is still visible. 
Prior Research and Theories
Previously, Coastal Sensing & Survey had classified this target as LU76. Described as an unknown target. 
",Yes,NA,25' x 4',40,No,Shipwreck,https://www.coastalsensing.com/survey-target-logs-lake-union/tag/LU76,NA,NA,NA,NA,NA,NA,,NA,no,no,6May2026,,,NA,First Footage,No Footage,Boat
47.6401985,-122.3329749,LU077,Small Wooden Boat,Shipwreck,Small wooden boat,25' x 4',#N/A,40,Unknown,Vessel,Shipwreck,Wood,"Type: Vessel | Class: Shipwreck | Subclass: Wood
Shipwreck City Data
This target has been classified as wood shipwreck. Resting in 40 feet of water and measuring roughly 25 feet by 4 feet. Wood frame and possible gunwale and capping is viewable. Unable to determine bow and stern due to condition of the wreck. Large amount of sediment inside the wreck. Hollow body with low to minimal deck material visible. 
Prior Research and Theories
Previously, Coastal Sensing & Survey had classified this target as LU77. Described as an unknown target. 
",Yes,NA,35',40,No,Dock Section,https://www.coastalsensing.com/survey-target-logs-lake-union/tag/LU77,NA,NA,NA,NA,NA,NA,,NA,no,no,6May2026,,,NA,First Footage,No Footage,Boat
47.6402997,-122.3322915,LU078,Betty W.,Shipwreck,35' wooden vessel with cabin,35',#N/A,40,Wood,Vessel,Shipwreck,Wood,"Shipwreck City has explored this target, and we're working on an updated description (coming soon!).",Yes,NA,NA,40,Yes,35' sailing vessel,https://www.coastalsensing.com/survey-target-logs-lake-union/tag/LU78,NA,NA,NA,NA,NA,NA,,NA,no,no,6May2026,,,NA,First Footage,No Footage,Boat
47.6423027,-122.3324875,LU079,Debris field,Unknown,Unknown Debris Item - possibly near net or tarp in mud.,NA,#N/A,40,Unknown,Debris,Unknown,N/A,"Shipwreck City has explored this target, and we're working on an updated description (coming soon!).",Yes,NA,NA,40,No,Unknown Debris Item - possibly near net or tarp in mud.,https://www.coastalsensing.com/survey-target-logs-lake-union/tag/LU79,NA,NA,NA,NA,NA,NA,,NA,no,no,6May2026,,,NA,First Footage,No Footage,Boat
47.642335,-122.3322265,LU080,Debris field,Unknown,Unknown Debris Items with Elevation,NA,#N/A,40,Unknown,Debris,Unknown,N/A,"Shipwreck City has explored this target, and we're working on an updated description (coming soon!).",Yes,NA,TBD,40,No,Unknown Debris Items with Elevation,https://www.coastalsensing.com/survey-target-logs-lake-union/tag/LU80,NA,NA,NA,NA,NA,NA,,NA,no,no,6May2026,,,NA,First Footage,No Footage,Boat
47.6429257,-122.3300108,LU081,Small Metal Boat with Docks,Shipwreck,Small Metal Boat with sunken docks nearby,TBD,#N/A,NA,Metal,Vessel,Shipwreck,Metal,"Shipwreck City has explored this target, and we're working on an updated description (coming soon!).",Yes,NA,TBD,NA,No,Small Boat - Need new scan,https://www.coastalsensing.com/survey-target-logs-lake-union/tag/LU81,NA,NA,NA,NA,NA,NA,,NA,no,no,6May2026,,,NA,First Footage,No Footage,Chinook Lake Union Boat Moorage
47.6532356,-122.3243413,LU082,Work Boat,Shipwreck,"Unknown work boat, with wood / concrete dock adjacent",TBD,#N/A,35,Metal,Vessel,Shipwreck,Mixed Materials,"Shipwreck City has explored this target, and we're working on an updated description (coming soon!).",Yes,NA,TBD,35,No,Unknown Wreckage - Likely Boat,https://www.coastalsensing.com/survey-target-logs-lake-union/tag/LU82,NA,NA,NA,NA,NA,NA,,NA,no,no,4May2026,,,NA,First Footage,No Footage,Ivar's Salmon House
47.653416,-122.323888,LU083,Small Wood Barge,Barge,Barge and Debris Against Bulkhead,TBD,#N/A,20,Wood,Vessel,Barge Wreck,Wood,"Shipwreck City has explored this target, and we're working on an updated description (coming soon!).",Yes,NA,24' x 12',20,No,Barge and Debris Against Bulkhead,https://www.coastalsensing.com/survey-target-logs-lake-union/tag/LU83,NA,NA,NA,NA,NA,NA,,NA,no,no,4May2026,,,NA,First Footage,No Footage,Ivar's Salmon House
47.6526364,-122.3266395,LU084,Metal Barge,Barge,Barge near end of Dock Pilings & Stormwater Outfall,24' x 12',#N/A,30,Metal,Vessel,Barge Wreck,Metal,"Shipwreck City has explored this target, and we're working on an updated description (coming soon!).",Yes,NA,TBD,30,No,Barge near end of Dock Pilings & Stormwater Outfall,https://www.coastalsensing.com/survey-target-logs-lake-union/tag/LU84,NA,NA,NA,NA,NA,NA,,NA,no,no,4May2026,,,NA,First Footage,No Footage,boat
47.6295167,-122.3319167,LU085,Gypsy Trader,Shipwreck,Shipwreck,TBD,#N/A,40,Unknown,Vessel,Shipwreck,Wood,Shipwreck City has yet to explore this target. See below resources for information. ,Yes,NA,14' x 4.5',40,Yes,Shipwreck,https://www.coastalsensing.com/survey-target-logs-lake-union/tag/LU85,26,no?,NA,NA,NA,http://www.dcsfilms.com/Site_4/gypsy_trader.html,,NA,no,no,NA,,,NA,Historical Footage,Historical Footage,Moss Bay Piers ?
47.6398464,-122.3326612,LU086,Small Wooden Boat,Shipwreck,Small wooden boat,14' x 4.5',#N/A,40,Wood,Vessel,Shipwreck,Wood,"Shipwreck City has explored this target, and we're working on an updated description (coming soon!).",Yes,NA,14',40,No,Row Boat,https://www.coastalsensing.com/survey-target-logs-lake-union/tag/LU86,NA,NA,NA,NA,NA,NA,,NA,no,no,6May2026,,,NA,First Footage,No Footage,Boat
47.6321552,-122.3309114,LU087,Kayak (Resonance Brand),Shipwreck,Kayak,14',#N/A,40,Unknown,Debris,Man Made,N/A,"Shipwreck City has explored this target, and we're working on an updated description (coming soon!).",Yes,NA,45' x 15',40,No,Kayak,https://www.coastalsensing.com/survey-target-logs-lake-union/tag/LU87,NA,NA,NA,NA,NA,NA,,NA,no,no,3June2026,,,NA,First Footage,No Footage,Boat
47.6417884,-122.3415698,LU088,Possible Sailboat,Shipwreck,Large vessel under dock possible sailboat,45' x 15',#N/A,40,Unknown,Vessel,Unknown,N/A,Shipwreck City has yet to explore this target. See below resources for information. ,Yes,NA,TBD,40,No,Large vessel under dock possible sailboat,https://www.coastalsensing.com/survey-target-logs-lake-union/tag/LU88,NA,NA,NA,NA,NA,NA,,NA,no,no,NA,,,NA,No Footage,No Footage,Signature Yachts Pier ?
47.6444762,-122.3421089,LU089,Debris field,Shipwreck,Shipwreck - Odd angle on sonar,TBD,#N/A,40,Unknown,Debris,Man Made,N/A,"Shipwreck City has explored this target, and we're working on an updated description (coming soon!).",Yes,NA,24' x8',40,No,Shipwreck - Odd angle on sonar,https://www.coastalsensing.com/survey-target-logs-lake-union/tag/LU89,NA,NA,NA,NA,NA,NA,,NA,no,no,2June2026,,,NA,First Footage,No Footage,Boat
47.6456063,-122.346392,LU090,Shipwerck,Shipwreck,Shipwreck,24' x8',#N/A,40,Unknown,Vessel,Unknown,N/A,Shipwreck City has yet to explore this target. See below resources for information. ,Yes,NA,35' x 8',40,No,Shipwreck,https://www.coastalsensing.com/survey-target-logs-lake-union/tag/LU90,NA,NA,NA,NA,NA,NA,,NA,no,no,NA,,,NA,No Footage,No Footage,The Old Boathouse ?
47.6456792,-122.3465488,LU091,Shipwreck,Shipwreck,Shipwreck,35' x 8',#N/A,40,Unknown,Vessel,Unknown,N/A,Shipwreck City has yet to explore this target. See below resources for information. ,Yes,NA,25',40,No,Shipwreck,https://www.coastalsensing.com/survey-target-logs-lake-union/tag/LU91,NA,NA,NA,NA,NA,NA,,NA,no,no,NA,,,NA,No Footage,No Footage,The Old Boathouse ?
47.6457612,-122.3466827,LU092,Shipwreck,Shipwreck,Shipwreck,25',#N/A,40,Unknown,Vessel,Unknown,N/A,Shipwreck City has yet to explore this target. See below resources for information. ,Yes,NA,12' x 5',40,No,Shipwreck,https://www.coastalsensing.com/survey-target-logs-lake-union/tag/LU92,NA,NA,NA,NA,NA,NA,,NA,no,no,NA,,,NA,No Footage,No Footage,The Old Boathouse ?
47.6453658,-122.3466169,LU093,Shipwreck,Shipwreck,Shipwreck - Small tender,12' x 5',#N/A,40,Unknown,Vessel,Unknown,N/A,Shipwreck City has yet to explore this target. See below resources for information. ,Yes,NA,14,40,No,Shipwreck - Small tender,https://www.coastalsensing.com/survey-target-logs-lake-union/tag/LU93,NA,NA,NA,NA,NA,NA,,NA,no,no,NA,,,NA,No Footage,No Footage,The Old Boathouse ?
47.6414172,-122.3335132,LU094,Fiberglass Rowboat,Shipwreck,Unknown Fiberglass Rowboat / Canoe,14,#N/A,40,Unknown,Vessel,Shipwreck,Fiberglass,"Shipwreck City has explored this target, and we're working on an updated description (coming soon!).",Yes,NA,15' x 6',40,No,Canoe,https://www.coastalsensing.com/survey-target-logs-lake-union/tag/LU94,NA,NA,NA,NA,NA,NA,,NA,no,no,6May2026,,,NA,First Footage,No Footage,Boat
47.64058,-122.33444,LU095,Wooden Boat,Shipwreck,Wooden boat,15' x 6',#N/A,40,Wood,Vessel,Shipwreck,Wood,"Shipwreck City has explored this target, and we're working on an updated description (coming soon!).",Yes,NA,14' x 4.5',40,No,Dinghy,https://www.coastalsensing.com/survey-target-logs-lake-union/tag/LU95,NA,NA,NA,NA,NA,NA,,NA,no,no,"5May2026, 6May2026",,,NA,First Footage,No Footage,Boat
47.6405827,-122.3344565,LU096,Fiberglass Boat (WN 7352 JD),Shipwreck,Fiberglass boat,14' x 4.5',#N/A,40,Fiberglass,Vessel,Shipwreck,Metal,"Shipwreck City has explored this target, and we're working on an updated description (coming soon!).",Yes,NA,NA,40,No,Dinghy,https://www.coastalsensing.com/survey-target-logs-lake-union/tag/LU96,NA,NA,NA,NA,NA,NA,,NA,no,no,"5May2026, 6May2026",,,NA,First Footage,No Footage,Boat
47.6530563,-122.3235765,LU097,Cables,Infrastructure,Cable Area,NA,#N/A,20,Mixed (Debris),Debris,Man Made,N/A,"Shipwreck City has explored this target, and we're working on an updated description (coming soon!).",Yes,NA,NA,20,No,Cable Area,https://www.coastalsensing.com/survey-target-logs-lake-union/tag/LU97,NA,NA,NA,NA,NA,NA,,NA,no,no,4May2026,,,NA,First Footage,No Footage,Ivar's Salmon House
47.64503173,-122.3373284,LU098,Pleasure Craft,Shipwreck,Pleasure craft,24 x 8,#N/A,23,Metal,Vessel,Shipwreck,Mixed Materials,"Shipwreck City has explored this target, and we're working on an updated description (coming soon!).",No,NA,NA,23,No,NA,NA,NA,NA,NA,NA,NA,NA,,NA,yes,yes,13Dec2025,,,https://www.youtube.com/watch?v=MPLPYdXKrpQ,First Footage,No Footage,Gas Works Park
47.66586737,-122.3910028,LU099,"Onondaga (Arctic Explorer, WPG-79)",Shipwreck,Coast Guard Cutter (light ice breaker),165 x 36,#N/A,4,Metal,Vessel,Shipwreck,Metal,"Shipwreck City has explored this target, and we're working on an updated description (coming soon!). The Onondaga has a rich history, explained on her Wikipedia page (https://en.wikipedia.org/wiki/USCGC_Onondaga)",No,NA,NA,NA,NA,NA,NA,36,no,NA,"165 x 36 x 13'7""","Coast Guard ""A"" Class cutter",NA,,NA,no,no,12Apr2026,,,NA,Updated Footage,Historical Footage,Stabbert Marina
47.66607402,-122.3909559,LU100,Cruising Vessel,Shipwreck,Cruising Vessel,Unknown,#N/A,TBD,Fiberglass,Vessel,Shipwreck,Fiberglass,"Shipwreck City has explored this target, and we're working on an updated description (coming soon!).",No,NA,NA,NA,NA,NA,NA,NA,NA,NA,NA,NA,NA,,NA,no,no,12Apr2026,,,NA,Updated Footage,Historical Footage,Stabbert Marina
47.66607493,-122.3908948,LU101,Cruising Vessel,Shipwreck,Cruising Vessel,Unknown,#N/A,TBD,Fiberglass,Vessel,Shipwreck,Mixed Materials,"Shipwreck City has explored this target, and we're working on an updated description (coming soon!).",No,NA,NA,NA,NA,NA,NA,NA,NA,NA,NA,NA,NA,,NA,no,no,12Apr2026,,,NA,Updated Footage,Historical Footage,Stabbert Marina
47.64996174,-122.355326,LU102,Car Wreck (V6),Vehicle,Car,Unknown,#N/A,TBD,Metal,Vessel,Car Wreck,Metal,"Shipwreck City has explored this target, and we're working on an updated description (coming soon!). This car was first reported by the Puget Soundkeeper Alliance on January 21st, 2025. Their field team stumbled upon the car while conducting ROV dives in the area.",No,NA,NA,NA,NA,NA,NA,NA,NA,NA,NA,NA,NA,,NA,no,no,3June2026,,,NA,Updated Footage,Historical Footage,Boat
47.62804,-122.33802,LU103,Smalll Wooden Boat,Shipwreck,Small wooden boat,Unknown,#N/A,TBD,Wood,Vessel,Shipwreck,Wood,"Shipwreck City has explored this target, and we're working on an updated description (coming soon!).",No,NA,NA,NA,NA,NA,NA,NA,NA,NA,NA,NA,NA,,NA,yes,yes,6May2026,,,NA,First Footage,No Footage,MOHAI Park
47.627524,-122.338353,LU104,Small Dock,Infrastructure,Small dock,15' x 6',#N/A,TBD,Wood,Infrastructure ,Unknown,N/A,"Shipwreck City has explored this target, and we're working on an updated description (coming soon!).",No,NA,NA,NA,NA,NA,NA,NA,NA,NA,NA,NA,NA,,NA,yes,yes,5May2025,,,NA,First Footage,No Footage,MOHAI Park
47.636574,-122.329833,LU105,Barge and Trailer (The Dump),Barge,"Small barge, trailer, debris field",NA,#N/A,NA,Metal,Debris,Man Made,N/A,"Shipwreck City has explored this target, and we're working on an updated description (coming soon!).",No,NA,NA,NA,NA,NA,NA,NA,NA,NA,NA,NA,NA,,NA,yes,yes,2June2026,,,NA,First Footage,No Footage,Boat
47.648319,-122.345848,LU106, Wooden Wreck,Shipwreck,Wooden boat,22 x 8,#N/A,3,Wood,Vessel,Shipwreck,Wood,"Shipwreck City has explored this target, and we're working on an updated description (coming soon!).",No,NA,NA,NA,Na,NA,NA,NA,NA,NA,NA,NA,NA,,NA,no,no,30June2026,,,NA,First Footage,No Footage,Seacraft Yacht Sales Piers
47.64855,-122.346517,LU107,Small Wooden Boat,Shipwreck,Small wooden boat,15 x 5,n/a,,Wood,Vessel,Shipwreck,Wood,"Shipwreck City has explored this target, and we're working on an updated description (coming soon!).",No,NA,NA,NA,NA,NA,NA,41,yes,NA,15' x 5',"15' Length, 5' Width",http://www.dcsfilms.com/Site_4/Lake_Union_boats_sink.html,https://vimeo.com/35357451?fl=pl&fe=sh,NA,no,no,NA,NA,NA,NA,Historical Footage,Historical Footage,Lake Washington Rowing Club
47.635528,-122.338281,LU108,Tree Trunks,Debris,Tree Trunks,NA,n/a,NA,Wood,Debris,Organic,Wood,"Shipwreck City has explored this target, and we're working on an updated description (coming soon!).",No,NA,NA,NA,NA,NA,NA,5,yes,NA,NA,Tree Trunks,http://www.dcsfilms.com/Site_4/Sea_Bee.html,https://youtu.be/OvlHtjmf_Mo?si=uWwzObgkc5yHEVzG,NA,no,no,NA,NA,NA,NA,Historical Footage,Historical Footage,Boat
47.628798,-122.33372,LU109,Geological Feature,,,15' x 8',n/a,NA,,Geology,Geology,Geology,"Shipwreck City has explored this target, and we're working on an updated description (coming soon!).",No,NA,NA,NA,NA,NA,NA,NA,NA,NA,NA,NA,NA,NA,NA,yes,no,5May2026,NA,NA,NA,First Footage,No Footage,Boat
47.6496,-122.3543,LU110,Car Wreck,,,,24,,,Vessel,Car Wreck,Metal,"Shipwreck City has explored this target, and we're working on an updated description (coming soon!).",No,NA,NA,NA,NA,NA,NA,NA,NA,NA,NA,NA,NA,NA,NA,yes,yes,21July2026,24,26,NA,First Footage,No Footage,Boat
47.64836712,-122.3265117,LU111,Small Wood Dock,,,,28,,,Infrastructure ,Man Made,Wood,"Shipwreck City has explored this target, and we're working on an updated description (coming soon!).",No,NA,NA,NA,NA,NA,NA,NA,NA,NA,NA,NA,NA,NA,NA,NA,NA,21July2026,28,28,NA,First Footage,No Footage,Boat / Thunderbird Marina
47.64572379,-122.3319279,LU112,Logs,,,,n/a,,,Debris,Organic,Wood,"Shipwreck City has explored this target, and we're working on an updated description (coming soon!).",No,NA,NA,NA,NA,NA,NA,NA,NA,NA,NA,NA,NA,NA,NA,NA,NA,21July2026,,,NA,First Footage,No Footage,Boat